titulo,precio,stock,categoria
It's Only the Himalayas,Â£45.17,In stock,Travel
Full Moon over Noahâs Ark: An Odyssey to Mount Ararat and Beyond,Â£49.43,In stock,Travel
See America: A Celebration of Our National Parks & Treasured Sites,Â£48.87,In stock,Travel
Vagabonding: An Uncommon Guide to the Art of Long-Term World Travel,Â£36.94,In stock,Travel
Under the Tuscan Sun,Â£37.33,In stock,Travel
A Summer In Europe,Â£44.34,In stock,Travel
The Great Railway Bazaar,Â£30.54,In stock,Travel
A Year in Provence (Provence #1),Â£56.88,In stock,Travel
The Road to Little Dribbling: Adventures of an American in Britain (Notes From a Small Island #2),Â£23.21,In stock,Travel
Neither Here nor There: Travels in Europe,Â£38.95,In stock,Travel
"1,000 Places to See Before You Die",Â£26.08,In stock,Travel
Sharp Objects,Â£47.82,In stock,Mystery
"In a Dark, Dark Wood",Â£19.63,In stock,Mystery
The Past Never Ends,Â£56.50,In stock,Mystery
A Murder in Time,Â£16.64,In stock,Mystery
The Murder of Roger Ackroyd (Hercule Poirot #4),Â£44.10,In stock,Mystery
The Last Mile (Amos Decker #2),Â£54.21,In stock,Mystery
That Darkness (Gardiner and Renner #1),Â£13.92,In stock,Mystery
Tastes Like Fear (DI Marnie Rome #3),Â£10.69,In stock,Mystery
A Time of Torment (Charlie Parker #14),Â£48.35,In stock,Mystery
A Study in Scarlet (Sherlock Holmes #1),Â£16.73,In stock,Mystery
Poisonous (Max Revere Novels #3),Â£26.80,In stock,Mystery
Murder at the 42nd Street Library (Raymond Ambler #1),Â£54.36,In stock,Mystery
Most Wanted,Â£35.28,In stock,Mystery
Hide Away (Eve Duncan #20),Â£11.84,In stock,Mystery
Boar Island (Anna Pigeon #19),Â£59.48,In stock,Mystery
The Widow,Â£27.26,In stock,Mystery
Playing with Fire,Â£13.71,In stock,Mystery
What Happened on Beale Street (Secrets of the South Mysteries #2),Â£25.37,In stock,Mystery
The Bachelor Girl's Guide to Murder (Herringford and Watts Mysteries #1),Â£52.30,In stock,Mystery
Delivering the Truth (Quaker Midwife Mystery #1),Â£20.89,In stock,Mystery
The Mysterious Affair at Styles (Hercule Poirot #1),Â£24.80,In stock,Mystery
In the Woods (Dublin Murder Squad #1),Â£38.38,In stock,Mystery
The Silkworm (Cormoran Strike #2),Â£23.05,In stock,Mystery
The Exiled,Â£43.45,In stock,Mystery
The Cuckoo's Calling (Cormoran Strike #1),Â£19.21,In stock,Mystery
Extreme Prey (Lucas Davenport #26),Â£25.40,In stock,Mystery
Career of Evil (Cormoran Strike #3),Â£24.72,In stock,Mystery
The No. 1 Ladies' Detective Agency (No. 1 Ladies' Detective Agency #1),Â£57.70,In stock,Mystery
The Girl You Lost,Â£12.29,In stock,Mystery
The Girl In The Ice (DCI Erika Foster #1),Â£15.85,In stock,Mystery
Blood Defense (Samantha Brinkman #1),Â£20.30,In stock,Mystery
1st to Die (Women's Murder Club #1),Â£53.98,In stock,Mystery
Tipping the Velvet,Â£53.74,In stock,Historical Fiction
Forever and Forever: The Courtship of Henry Longfellow and Fanny Appleton,Â£29.69,In stock,Historical Fiction
A Flight of Arrows (The Pathfinders #2),Â£55.53,In stock,Historical Fiction
The House by the Lake,Â£36.95,In stock,Historical Fiction
Mrs. Houdini,Â£30.25,In stock,Historical Fiction
The Marriage of Opposites,Â£28.08,In stock,Historical Fiction
Glory over Everything: Beyond The Kitchen House,Â£45.84,In stock,Historical Fiction
"Love, Lies and Spies",Â£20.55,In stock,Historical Fiction
A Paris Apartment,Â£39.01,In stock,Historical Fiction
Lilac Girls,Â£17.28,In stock,Historical Fiction
The Constant Princess (The Tudor Court #1),Â£16.62,In stock,Historical Fiction
The Invention of Wings,Â£37.34,In stock,Historical Fiction
World Without End (The Pillars of the Earth #2),Â£32.97,In stock,Historical Fiction
The Passion of Dolssa,Â£28.32,In stock,Historical Fiction
Girl With a Pearl Earring,Â£26.77,In stock,Historical Fiction
Voyager (Outlander #3),Â£21.07,In stock,Historical Fiction
The Red Tent,Â£35.66,In stock,Historical Fiction
The Last Painting of Sara de Vos,Â£55.55,In stock,Historical Fiction
The Guernsey Literary and Potato Peel Pie Society,Â£49.53,In stock,Historical Fiction
Girl in the Blue Coat,Â£46.83,In stock,Historical Fiction
Between Shades of Gray,Â£20.79,In stock,Historical Fiction
While You Were Mine,Â£41.32,In stock,Historical Fiction
The Secret Healer,Â£34.56,In stock,Historical Fiction
Starlark,Â£25.83,In stock,Historical Fiction
Lost Among the Living,Â£27.70,In stock,Historical Fiction
A Spy's Devotion (The Regency Spies of London #1),Â£16.97,In stock,Historical Fiction
Scott Pilgrim's Precious Little Life (Scott Pilgrim #1),Â£52.29,In stock,Sequential Art
Tsubasa: WoRLD CHRoNiCLE 2 (Tsubasa WoRLD CHRoNiCLE #2),Â£16.28,In stock,Sequential Art
This One Summer,Â£19.49,In stock,Sequential Art
The Nameless City (The Nameless City #1),Â£38.16,In stock,Sequential Art
"Saga, Volume 5 (Saga (Collected Editions) #5)",Â£51.04,In stock,Sequential Art
"Rat Queens, Vol. 3: Demons (Rat Queens (Collected Editions) #11-15)",Â£50.40,In stock,Sequential Art
"Princess Jellyfish 2-in-1 Omnibus, Vol. 01 (Princess Jellyfish 2-in-1 Omnibus #1)",Â£13.61,In stock,Sequential Art
"Pop Gun War, Volume 1: Gift",Â£18.97,In stock,Sequential Art
Patience,Â£10.16,In stock,Sequential Art
"Outcast, Vol. 1: A Darkness Surrounds Him (Outcast #1)",Â£15.44,In stock,Sequential Art
orange: The Complete Collection 1 (orange: The Complete Collection #1),Â£48.41,In stock,Sequential Art
"Lumberjanes, Vol. 2: Friendship to the Max (Lumberjanes #5-8)",Â£46.91,In stock,Sequential Art
"Lumberjanes, Vol. 1: Beware the Kitten Holy (Lumberjanes #1-4)",Â£45.61,In stock,Sequential Art
Lumberjanes Vol. 3: A Terrible Plan (Lumberjanes #9-12),Â£19.92,In stock,Sequential Art
"I Hate Fairyland, Vol. 1: Madly Ever After (I Hate Fairyland (Compilations) #1-5)",Â£29.17,In stock,Sequential Art
I am a Hero Omnibus Volume 1,Â£54.63,In stock,Sequential Art
"Giant Days, Vol. 2 (Giant Days #5-8)",Â£22.11,In stock,Sequential Art
Danganronpa Volume 1,Â£51.99,In stock,Sequential Art
"Codename Baboushka, Volume 1: The Conclave of Death",Â£36.72,In stock,Sequential Art
Camp Midnight,Â£17.08,In stock,Sequential Art
"Bitch Planet, Vol. 1: Extraordinary Machine (Bitch Planet (Collected Editions))",Â£37.92,In stock,Sequential Art
The Shadow Hero (The Shadow Hero),Â£33.14,In stock,Sequential Art
"Fables, Vol. 1: Legends in Exile (Fables #1)",Â£41.62,In stock,Sequential Art
Batman: The Long Halloween (Batman),Â£36.50,In stock,Sequential Art
Batman: The Dark Knight Returns (Batman),Â£15.38,In stock,Sequential Art
"Wonder Woman: Earth One, Volume One (Wonder Woman: Earth One #1)",Â£37.34,In stock,Sequential Art
"We Are Robin, Vol. 1: The Vigilante Business (We Are Robin #1)",Â£53.90,In stock,Sequential Art
Through the Woods,Â£25.38,In stock,Sequential Art
Superman Vol. 1: Before Truth (Superman by Gene Luen Yang #1),Â£11.89,In stock,Sequential Art
"So Cute It Hurts!!, Vol. 6 (So Cute It Hurts!! #6)",Â£35.43,In stock,Sequential Art
Robin War,Â£47.82,In stock,Sequential Art
"Red Hood/Arsenal, Vol. 1: Open for Business (Red Hood/Arsenal #1)",Â£25.48,In stock,Sequential Art
"Naruto (3-in-1 Edition), Vol. 14: Includes Vols. 40, 41 & 42 (Naruto: Omnibus #14)",Â£38.39,In stock,Sequential Art
Lowriders to the Center of the Earth (Lowriders in Space #2),Â£51.51,In stock,Sequential Art
El Deafo,Â£57.62,In stock,Sequential Art
Batman: Europa,Â£32.01,In stock,Sequential Art
Art Ops Vol. 1,Â£48.80,In stock,Sequential Art
"Adulthood Is a Myth: A ""Sarah's Scribbles"" Collection",Â£10.90,In stock,Sequential Art
"Fruits Basket, Vol. 9 (Fruits Basket #9)",Â£33.95,In stock,Sequential Art
Roller Girl,Â£14.10,In stock,Sequential Art
"Fruits Basket, Vol. 7 (Fruits Basket #7)",Â£19.57,In stock,Sequential Art
"Fruits Basket, Vol. 6 (Fruits Basket #6)",Â£20.96,In stock,Sequential Art
"Death Note, Vol. 6: Give-and-Take (Death Note #6)",Â£36.39,In stock,Sequential Art
"Fruits Basket, Vol. 5 (Fruits Basket #5)",Â£16.33,In stock,Sequential Art
"Death Note, Vol. 5: Whiteout (Death Note #5)",Â£52.41,In stock,Sequential Art
"The Demon Prince of Momochi House, Vol. 4 (The Demon Prince of Momochi House #4)",Â£27.88,In stock,Sequential Art
"Fruits Basket, Vol. 4 (Fruits Basket #4)",Â£50.44,In stock,Sequential Art
"The Wicked + The Divine, Vol. 3: Commercial Suicide (The Wicked + The Divine)",Â£14.41,In stock,Sequential Art
"The Sandman, Vol. 3: Dream Country (The Sandman (volumes) #3)",Â£55.55,In stock,Sequential Art
"Saga, Volume 3 (Saga (Collected Editions) #3)",Â£21.57,In stock,Sequential Art
Prodigy: The Graphic Novel (Legend: The Graphic Novel #2),Â£43.63,In stock,Sequential Art
Persepolis: The Story of a Childhood (Persepolis #1-2),Â£39.13,In stock,Sequential Art
Original Fake,Â£31.45,In stock,Sequential Art
"Grayson, Vol 3: Nemesis (Grayson #3)",Â£42.72,In stock,Sequential Art
"Fruits Basket, Vol. 3 (Fruits Basket #3)",Â£45.17,In stock,Sequential Art
"Black Butler, Vol. 1 (Black Butler #1)",Â£49.31,In stock,Sequential Art
Awkward,Â£38.02,In stock,Sequential Art
"The Sandman, Vol. 2: The Doll's House (The Sandman (volumes) #2)",Â£54.81,In stock,Sequential Art
"Saga, Volume 2 (Saga (Collected Editions) #2)",Â£11.75,In stock,Sequential Art
"Fruits Basket, Vol. 2 (Fruits Basket #2)",Â£11.64,In stock,Sequential Art
"Y: The Last Man, Vol. 1: Unmanned (Y: The Last Man #1)",Â£18.51,In stock,Sequential Art
"The Wicked + The Divine, Vol. 1: The Faust Act (The Wicked + The Divine)",Â£36.52,In stock,Sequential Art
"The Sandman, Vol. 1: Preludes and Nocturnes (The Sandman (volumes) #1)",Â£54.12,In stock,Sequential Art
The Complete Maus (Maus #1-2),Â£10.64,In stock,Sequential Art
"Skip Beat!, Vol. 01 (Skip Beat! #1)",Â£42.12,In stock,Sequential Art
"Saga, Volume 1 (Saga (Collected Editions) #1)",Â£28.48,In stock,Sequential Art
"Rat Queens, Vol. 1: Sass & Sorcery (Rat Queens (Collected Editions) #1-5)",Â£46.96,In stock,Sequential Art
"Paper Girls, Vol. 1 (Paper Girls #1-5)",Â£21.71,In stock,Sequential Art
"Ouran High School Host Club, Vol. 1 (Ouran High School Host Club #1)",Â£29.87,In stock,Sequential Art
"Ms. Marvel, Vol. 1: No Normal (Ms. Marvel (2014-2015) #1)",Â£39.39,In stock,Sequential Art
"Hawkeye, Vol. 1: My Life as a Weapon (Hawkeye #1)",Â£45.24,In stock,Sequential Art
"Giant Days, Vol. 1 (Giant Days #1-4)",Â£56.76,In stock,Sequential Art
"Fruits Basket, Vol. 1 (Fruits Basket #1)",Â£40.28,In stock,Sequential Art
"Bleach, Vol. 1: Strawberry and the Soul Reapers (Bleach #1)",Â£34.65,In stock,Sequential Art
"Ajin: Demi-Human, Volume 1 (Ajin: Demi-Human #1)",Â£57.06,In stock,Sequential Art
The Secret Garden,Â£15.08,In stock,Classics
The Metamorphosis,Â£28.58,In stock,Classics
The Pilgrim's Progress,Â£50.26,In stock,Classics
The Hound of the Baskervilles (Sherlock Holmes #5),Â£14.82,In stock,Classics
Little Women (Little Women #1),Â£28.07,In stock,Classics
Gone with the Wind,Â£32.49,In stock,Classics
Candide,Â£58.63,In stock,Classics
Animal Farm,Â£57.22,In stock,Classics
Wuthering Heights,Â£17.73,In stock,Classics
The Picture of Dorian Gray,Â£29.70,In stock,Classics
The Complete Stories and Poems (The Works of Edgar Allan Poe [Cameo Edition]),Â£26.78,In stock,Classics
Beowulf,Â£38.35,In stock,Classics
And Then There Were None,Â£35.01,In stock,Classics
The Story of Hong Gildong,Â£43.19,In stock,Classics
The Little Prince,Â£45.42,In stock,Classics
Sense and Sensibility,Â£37.46,In stock,Classics
Of Mice and Men,Â£47.11,In stock,Classics
Emma,Â£32.93,In stock,Classics
Alice in Wonderland (Alice's Adventures in Wonderland #1),Â£55.53,In stock,Classics
Sophie's World,Â£15.94,In stock,Philosophy
The Death of Humanity: and the Case for Life,Â£58.11,In stock,Philosophy
The Stranger,Â£17.44,In stock,Philosophy
Proofs of God: Classical Arguments from Tertullian to Barth,Â£54.21,In stock,Philosophy
Kierkegaard: A Christian Missionary to Christians,Â£47.13,In stock,Philosophy
"At The Existentialist CafÃ©: Freedom, Being, and apricot cocktails with: Jean-Paul Sartre, Simone de Beauvoir, Albert Camus, Martin Heidegger, Edmund Husserl, Karl Jaspers, Maurice Merleau-Ponty and others",Â£29.93,In stock,Philosophy
Critique of Pure Reason,Â£20.75,In stock,Philosophy
"Run, Spot, Run: The Ethics of Keeping Pets",Â£20.02,In stock,Philosophy
The Nicomachean Ethics,Â£36.34,In stock,Philosophy
Meditations,Â£25.89,In stock,Philosophy
Beyond Good and Evil,Â£43.38,In stock,Philosophy
Chase Me (Paris Nights #2),Â£25.27,In stock,Romance
Black Dust,Â£34.53,In stock,Romance
Her Backup Boyfriend (The Sorensen Family #1),Â£33.97,In stock,Romance
First and First (Five Boroughs #3),Â£15.97,In stock,Romance
Fifty Shades Darker (Fifty Shades #2),Â£21.96,In stock,Romance
The Wedding Dress,Â£24.12,In stock,Romance
Suddenly in Love (Lake Haven #1),Â£55.99,In stock,Romance
Something More Than This,Â£16.24,In stock,Romance
Doing It Over (Most Likely To #1),Â£35.61,In stock,Romance
The Wedding Pact (The O'Malleys #2),Â£32.61,In stock,Romance
Hold Your Breath (Search and Rescue #1),Â£28.82,In stock,Romance
Dirty (Dive Bar #1),Â£40.83,In stock,Romance
Take Me Home Tonight (Rock Star Romance #3),Â£53.98,In stock,Romance
Off the Hook (Fishing for Trouble #1),Â£47.67,In stock,Romance
A Gentleman's Position (Society of Gentlemen #3),Â£14.75,In stock,Romance
"Sit, Stay, Love",Â£20.90,In stock,Romance
A Girl's Guide to Moving On (New Beginnings #2),Â£31.30,In stock,Romance
The Perfect Play (Play by Play #1),Â£59.99,In stock,Romance
Dark Lover (Black Dagger Brotherhood #1),Â£12.87,In stock,Romance
Changing the Game (Play by Play #2),Â£13.38,In stock,Romance
A Walk to Remember,Â£56.43,In stock,Romance
The Purest Hook (Second Circle Tattoos #3),Â£12.25,In stock,Romance
The Obsession,Â£45.43,In stock,Romance
Reservations for Two,Â£11.10,In stock,Romance
Best of My Love (Fool's Gold #20),Â£27.41,In stock,Romance
Where Lightning Strikes (Bleeding Stars #3),Â£39.77,In stock,Romance
This One Moment (Pushing Limits #1),Â£48.71,In stock,Romance
"Rhythm, Chord & Malykhin",Â£28.34,In stock,Romance
My Perfect Mistake (Over the Top #1),Â£38.92,In stock,Romance
Listen to Me (Fusion #1),Â£58.99,In stock,Romance
Imperfect Harmony,Â£34.74,In stock,Romance
Fighting Fate (Fighting #6),Â£39.24,In stock,Romance
Deep Under (Walker Security #1),Â£47.09,In stock,Romance
Charity's Cross (Charles Towne Belles #4),Â£41.24,In stock,Romance
Bounty (Colorado Mountain #7),Â£37.26,In stock,Romance
I Had a Nice Time And Other Lies...: How to find love & sh*t like that,Â£57.36,In stock,Womens Fiction
Will You Won't You Want Me?,Â£13.86,In stock,Womens Fiction
Keep Me Posted,Â£20.46,In stock,Womens Fiction
Grey (Fifty Shades #4),Â£48.49,In stock,Womens Fiction
Meternity,Â£43.58,In stock,Womens Fiction
Some Women,Â£13.73,In stock,Womens Fiction
Shopaholic Ties the Knot (Shopaholic #3),Â£48.39,In stock,Womens Fiction
Can You Keep a Secret?,Â£21.94,In stock,Womens Fiction
Twenties Girl,Â£42.80,In stock,Womens Fiction
The Undomestic Goddess,Â£45.75,In stock,Womens Fiction
The Nanny Diaries (Nanny #1),Â£52.53,In stock,Womens Fiction
The Devil Wears Prada (The Devil Wears Prada #1),Â£44.29,In stock,Womens Fiction
Something Borrowed (Darcy & Rachel #1),Â£48.96,In stock,Womens Fiction
Something Blue (Darcy & Rachel #2),Â£54.62,In stock,Womens Fiction
I've Got Your Number,Â£19.69,In stock,Womens Fiction
The Edge of Reason (Bridget Jones #2),Â£19.18,In stock,Womens Fiction
Bridget Jones's Diary (Bridget Jones #1),Â£29.82,In stock,Womens Fiction
Soumission,Â£50.10,In stock,Fiction
Private Paris (Private #10),Â£47.61,In stock,Fiction
"We Love You, Charlie Freeman",Â£50.27,In stock,Fiction
Thirst,Â£17.27,In stock,Fiction
The Murder That Never Was (Forensic Instincts #5),Â£54.11,In stock,Fiction
Tuesday Nights in 1980,Â£21.04,In stock,Fiction
The Vacationers,Â£42.15,In stock,Fiction
The Regional Office Is Under Attack!,Â£51.36,In stock,Fiction
Finders Keepers (Bill Hodges Trilogy #2),Â£53.53,In stock,Fiction
The Time Keeper,Â£27.88,In stock,Fiction
The Testament of Mary,Â£52.67,In stock,Fiction
The First Hostage (J.B. Collins #2),Â£25.85,In stock,Fiction
Take Me with You,Â£45.21,In stock,Fiction
Still Life with Bread Crumbs,Â£26.41,In stock,Fiction
Shtum,Â£55.84,In stock,Fiction
My Name Is Lucy Barton,Â£41.56,In stock,Fiction
My Mrs. Brown,Â£24.48,In stock,Fiction
Mr. Mercedes (Bill Hodges Trilogy #1),Â£28.90,In stock,Fiction
I Am Pilgrim (Pilgrim #1),Â£10.60,In stock,Fiction
Eligible (The Austen Project #4),Â£27.09,In stock,Fiction
Eight Hundred Grapes,Â£14.39,In stock,Fiction
Dear Mr. Knightley,Â£11.21,In stock,Fiction
Cometh the Hour (The Clifton Chronicles #6),Â£25.01,In stock,Fiction
Balloon Animals,Â£17.03,In stock,Fiction
A Man Called Ove,Â£39.72,In stock,Fiction
The Silent Sister (Riley MacPherson #1),Â£46.29,In stock,Fiction
The Dinner Party,Â£56.54,In stock,Fiction
The Improbability of Love,Â£59.45,In stock,Fiction
Mothering Sunday,Â£13.34,In stock,Fiction
Lies and Other Acts of Love,Â£45.14,In stock,Fiction
Daredevils,Â£16.34,In stock,Fiction
11/22/63,Â£48.48,In stock,Fiction
The Shack,Â£28.03,In stock,Fiction
The High Mountains of Portugal,Â£51.15,In stock,Fiction
Miller's Valley,Â£58.54,In stock,Fiction
Hystopia: A Novel,Â£21.96,In stock,Fiction
The Bourne Identity (Jason Bourne #1),Â£42.78,In stock,Fiction
Sister Dear,Â£40.20,In stock,Fiction
Memoirs of a Geisha,Â£49.67,In stock,Fiction
Me Before You (Me Before You #1),Â£19.02,In stock,Fiction
Deception Point,Â£40.32,In stock,Fiction
The Little Paris Bookshop,Â£24.73,In stock,Fiction
The Firm,Â£45.56,In stock,Fiction
The Expatriates,Â£44.58,In stock,Fiction
Siddhartha,Â£34.22,In stock,Fiction
Last One Home (New Beginnings #1),Â£59.98,In stock,Fiction
Digital Fortress,Â£58.00,In stock,Fiction
Atlas Shrugged,Â£26.58,In stock,Fiction
Three-Martini Lunch,Â£23.21,In stock,Fiction
The Nightingale,Â£26.26,In stock,Fiction
The Infinities,Â£27.41,In stock,Fiction
The Husband's Secret,Â£52.51,In stock,Fiction
The Da Vinci Code (Robert Langdon #2),Â£22.96,In stock,Fiction
The Art of Fielding,Â£22.10,In stock,Fiction
Lila (Gilead #3),Â£12.47,In stock,Fiction
Jurassic Park (Jurassic Park #1),Â£44.97,In stock,Fiction
Inferno (Robert Langdon #4),Â£41.00,In stock,Fiction
Crazy Rich Asians (Crazy Rich Asians #1),Â£49.13,In stock,Fiction
Big Little Lies,Â£22.11,In stock,Fiction
The Course of Love,Â£16.78,In stock,Fiction
When I'm Gone,Â£51.96,In stock,Fiction
The Silent Wife,Â£12.34,In stock,Fiction
The Bette Davis Club,Â£30.66,In stock,Fiction
Kitchens of the Great Midwest,Â£57.20,In stock,Fiction
Bright Lines,Â£39.07,In stock,Fiction
Birdsong: A Story in Pictures,Â£54.64,In stock,Childrens
The Bear and the Piano,Â£36.89,In stock,Childrens
The Secret of Dreadwillow Carse,Â£56.13,In stock,Childrens
The White Cat and the Monk: A Retelling of the Poem âPangur BÃ¡nâ,Â£58.08,In stock,Childrens
Little Red,Â£13.47,In stock,Childrens
Walt Disney's Alice in Wonderland,Â£12.96,In stock,Childrens
Twenty Yawns,Â£22.08,In stock,Childrens
Rain Fish,Â£23.57,In stock,Childrens
Once Was a Time,Â£18.28,In stock,Childrens
Luis Paints the World,Â£53.95,In stock,Childrens
Nap-a-Roo,Â£25.08,In stock,Childrens
The Whale,Â£35.96,In stock,Childrens
"Shrunken Treasures: Literary Classics, Short, Sweet, and Silly",Â£52.87,In stock,Childrens
Raymie Nightingale,Â£34.41,In stock,Childrens
Playing from the Heart,Â£32.38,In stock,Childrens
Maybe Something Beautiful: How Art Transformed a Neighborhood,Â£22.54,In stock,Childrens
The Wild Robot,Â£56.07,In stock,Childrens
The Thing About Jellyfish,Â£48.77,In stock,Childrens
The Lonely Ones,Â£43.59,In stock,Childrens
The Day the Crayons Came Home (Crayons),Â£26.33,In stock,Childrens
The Cat in the Hat (Beginner Books B-1),Â£16.26,In stock,Childrens
Red: The True Story of Red Riding Hood,Â£28.54,In stock,Childrens
Horrible Bear!,Â£37.52,In stock,Childrens
Green Eggs and Ham (Beginner Books B-16),Â£10.79,In stock,Childrens
Counting Thyme,Â£10.62,In stock,Childrens
Are We There Yet?,Â£10.66,In stock,Childrens
Diary of a Minecraft Zombie Book 1: A Scare of a Dare (An Unofficial Minecraft Book),Â£52.88,In stock,Childrens
Matilda,Â£28.34,In stock,Childrens
Charlie and the Chocolate Factory (Charlie Bucket #1),Â£22.85,In stock,Childrens
"Don't Be a Jerk: And Other Practical Advice from Dogen, Japan's Greatest Zen Master",Â£37.97,In stock,Religion
You Are What You Love: The Spiritual Power of Habit,Â£21.87,In stock,Religion
God: The Most Unpleasant Character in All Fiction,Â£30.03,In stock,Religion
The Book of Mormon,Â£24.57,In stock,Religion
"A History of God: The 4,000-Year Quest of Judaism, Christianity, and Islam",Â£27.62,In stock,Religion
The Bhagavad Gita,Â£57.49,In stock,Religion
Choosing Our Religion: The Spiritual Lives of America's Nones,Â£28.42,In stock,Religion
Worlds Elsewhere: Journeys Around Shakespeareâs Globe,Â£40.30,In stock,Nonfiction
The Five Love Languages: How to Express Heartfelt Commitment to Your Mate,Â£31.05,In stock,Nonfiction
Reasons to Stay Alive,Â£26.41,In stock,Nonfiction
#HigherSelfie: Wake Up Your Life. Free Your Soul. Find Your Tribe.,Â£23.11,In stock,Nonfiction
"Unseen City: The Majesty of Pigeons, the Discreet Charm of Snails & Other Wonders of the Urban Wilderness",Â£44.18,In stock,Nonfiction
Throwing Rocks at the Google Bus: How Growth Became the Enemy of Prosperity,Â£31.12,In stock,Nonfiction
The Life-Changing Magic of Tidying Up: The Japanese Art of Decluttering and Organizing,Â£16.77,In stock,Nonfiction
The Gutsy Girl: Escapades for Your Life of Epic Adventure,Â£37.13,In stock,Nonfiction
The Electric Pencil: Drawings from Inside State Hospital No. 3,Â£56.06,In stock,Nonfiction
Spark Joy: An Illustrated Master Class on the Art of Organizing and Tidying Up,Â£41.83,In stock,Nonfiction
Reskilling America: Learning to Labor in the Twenty-First Century,Â£19.83,In stock,Nonfiction
In the Country We Love: My Family Divided,Â£22.00,In stock,Nonfiction
Everydata: The Misinformation Hidden in the Little Data You Consume Every Day,Â£54.35,In stock,Nonfiction
Call the Nurse: True Stories of a Country Nurse on a Scottish Isle,Â£29.14,In stock,Nonfiction
Algorithms to Live By: The Computer Science of Human Decisions,Â£30.81,In stock,Nonfiction
The Power of Now: A Guide to Spiritual Enlightenment,Â£43.54,In stock,Nonfiction
The Omnivore's Dilemma: A Natural History of Four Meals,Â£38.21,In stock,Nonfiction
The Genius of Birds,Â£17.24,In stock,Nonfiction
The Artist's Way: A Spiritual Path to Higher Creativity,Â£38.49,In stock,Nonfiction
So You've Been Publicly Shamed,Â£12.23,In stock,Nonfiction
"Daring Greatly: How the Courage to Be Vulnerable Transforms the Way We Live, Love, Parent, and Lead",Â£19.43,In stock,Nonfiction
Big Magic: Creative Living Beyond Fear,Â£30.80,In stock,Nonfiction
Becoming Wise: An Inquiry into the Mystery and Art of Living,Â£27.43,In stock,Nonfiction
Agnostic: A Spirited Manifesto,Â£12.51,In stock,Nonfiction
Whole Lotta Creativity Going On: 60 Fun and Unusual Exercises to Awaken and Strengthen Your Creativity,Â£38.20,In stock,Nonfiction
What's It Like in Space?: Stories from Astronauts Who've Been There,Â£19.60,In stock,Nonfiction
The Year of Magical Thinking,Â£43.04,In stock,Nonfiction
The Literature Book (Big Ideas Simply Explained),Â£17.43,In stock,Nonfiction
The Bad-Ass Librarians of Timbuktu: And Their Race to Save the Worldâs Most Precious Manuscripts,Â£15.77,In stock,Nonfiction
Swell: A Year of Waves,Â£45.58,In stock,Nonfiction
No Dream Is Too High: Life Lessons From a Man Who Walked on the Moon,Â£21.95,In stock,Nonfiction
Looking for Lovely: Collecting the Moments that Matter,Â£29.14,In stock,Nonfiction
Let It Out: A Journey Through Journaling,Â£26.79,In stock,Nonfiction
Hamilton: The Revolution,Â£58.79,In stock,Nonfiction
"Far & Away: Places on the Brink of Change: Seven Continents, Twenty-Five Years",Â£15.06,In stock,Nonfiction
"Eaternity: More than 150 Deliciously Easy Vegan Recipes for a Long, Healthy, Satisfied, Joyful Life",Â£51.75,In stock,Nonfiction
Buying In: The Secret Dialogue Between What We Buy and Who We Are,Â£37.80,In stock,Nonfiction
Brain on Fire: My Month of Madness,Â£49.32,In stock,Nonfiction
Abstract City,Â£56.37,In stock,Nonfiction
13 Hours: The Inside Account of What Really Happened In Benghazi,Â£27.06,In stock,Nonfiction
The Lonely City: Adventures in the Art of Being Alone,Â£33.26,In stock,Nonfiction
The Diary of a Young Girl,Â£59.90,In stock,Nonfiction
Snatched: How A Drug Queen Went Undercover for the DEA and Was Kidnapped By Colombian Guerillas,Â£21.21,In stock,Nonfiction
Furiously Happy: A Funny Book About Horrible Things,Â£41.46,In stock,Nonfiction
"The Sleep Revolution: Transforming Your Life, One Night at a Time",Â£11.68,In stock,Nonfiction
"Mother, Can You Not?",Â£16.89,In stock,Nonfiction
A Mother's Reckoning: Living in the Aftermath of Tragedy,Â£19.53,In stock,Nonfiction
"10% Happier: How I Tamed the Voice in My Head, Reduced Stress Without Losing My Edge, and Found Self-Help That Actually Works",Â£24.57,In stock,Nonfiction
Chernobyl 01:23:40: The Incredible True Story of the World's Worst Nuclear Disaster,Â£35.92,In stock,Nonfiction
"Zero to One: Notes on Startups, or How to Build the Future",Â£34.06,In stock,Nonfiction
Why Not Me?,Â£17.76,In stock,Nonfiction
When Breath Becomes Air,Â£39.36,In stock,Nonfiction
"The Midnight Assassin: Panic, Scandal, and the Hunt for America's First Serial Killer",Â£28.45,In stock,Nonfiction
Smarter Faster Better: The Secrets of Being Productive in Life and Business,Â£38.89,In stock,Nonfiction
Rising Strong,Â£21.82,In stock,Nonfiction
Man's Search for Meaning,Â£29.48,In stock,Nonfiction
"Love That Boy: What Two Presidents, Eight Road Trips, and My Son Taught Me About a Parent's Expectations",Â£25.06,In stock,Nonfiction
Living Forward: A Proven Plan to Stop Drifting and Get the Life You Want,Â£12.55,In stock,Nonfiction
I Will Find You,Â£44.21,In stock,Nonfiction
Brazen: The Courage to Find the You That's Been Hiding,Â£19.22,In stock,Nonfiction
Between the World and Me,Â£56.91,In stock,Nonfiction
Being Mortal: Medicine and What Matters in the End,Â£55.06,In stock,Nonfiction
"A Murder Over a Girl: Justice, Gender, Junior High",Â£13.20,In stock,Nonfiction
For the Love: Fighting for Grace in a World of Impossible Standards,Â£45.13,In stock,Nonfiction
Finding God in the Ruins: How God Redeems Pain,Â£46.64,In stock,Nonfiction
The Man Who Mistook His Wife for a Hat and Other Clinical Tales,Â£59.45,In stock,Nonfiction
In Cold Blood,Â£49.98,In stock,Nonfiction
"Girl, Interrupted",Â£42.14,In stock,Nonfiction
Why Save the Bankers?: And Other Essays on Our Economic and Political Crisis,Â£48.67,In stock,Nonfiction
Talking to Girls About Duran Duran: One Young Man's Quest for True Love and a Cooler Haircut,Â£25.15,In stock,Nonfiction
My Mother Was Nuts,Â£31.63,In stock,Nonfiction
"Data, A Love Story: How I Gamed Online Dating to Meet My Match",Â£32.35,In stock,Nonfiction
The Jazz of Physics: The Secret Link Between Music and the Structure of the Universe,Â£38.71,In stock,Nonfiction
The Gunning of America: Business and the Making of American Gun Culture,Â£16.81,In stock,Nonfiction
The Geography of Bliss: One Grump's Search for the Happiest Places in the World,Â£28.23,In stock,Nonfiction
God Is Not Great: How Religion Poisons Everything,Â£27.80,In stock,Nonfiction
We the People: The Modern-Day Figures Who Have Reshaped and Affirmed the Founding Fathers' Vision of America,Â£31.95,In stock,Nonfiction
Very Good Lives: The Fringe Benefits of Failure and the Importance of Imagination,Â£50.66,In stock,Nonfiction
"Unstuffed: Decluttering Your Home, Mind, and Soul",Â£58.09,In stock,Nonfiction
Under the Banner of Heaven: A Story of Violent Faith,Â£30.00,In stock,Nonfiction
"Trespassing Across America: One Man's Epic, Never-Done-Before (and Sort of Illegal) Hike Across the Heartland",Â£53.51,In stock,Nonfiction
The Name of God is Mercy,Â£37.25,In stock,Nonfiction
Stiff: The Curious Lives of Human Cadavers,Â£36.74,In stock,Nonfiction
Spilled Milk: Based on a True Story,Â£49.51,In stock,Nonfiction
"Rise of the Rocket Girls: The Women Who Propelled Us, from Missiles to the Moon to Mars",Â£41.67,In stock,Nonfiction
Outliers: The Story of Success,Â£14.16,In stock,Nonfiction
Notes from a Small Island (Notes From a Small Island #1),Â£40.17,In stock,Nonfiction
Night (The Night Trilogy #1),Â£13.51,In stock,Nonfiction
"Miracles from Heaven: A Little Girl, Her Journey to Heaven, and Her Amazing Story of Healing",Â£57.83,In stock,Nonfiction
Letter to a Christian Nation,Â£22.20,In stock,Nonfiction
Let's Pretend This Never Happened: A Mostly True Memoir,Â£45.11,In stock,Nonfiction
It's Never Too Late to Begin Again: Discovering Creativity and Meaning at Midlife and Beyond,Â£42.38,In stock,Nonfiction
Into the Wild,Â£56.70,In stock,Nonfiction
"In the Garden of Beasts: Love, Terror, and an American Family in Hitler's Berlin",Â£28.85,In stock,Nonfiction
I Am Malala: The Girl Who Stood Up for Education and Was Shot by the Taliban,Â£28.88,In stock,Nonfiction
Gratitude,Â£26.66,In stock,Nonfiction
Disrupted: My Misadventure in the Start-Up Bubble,Â£15.28,In stock,Nonfiction
Brave Enough,Â£51.32,In stock,Nonfiction
"Born to Run: A Hidden Tribe, Superathletes, and the Greatest Race the World Has Never Seen",Â£27.35,In stock,Nonfiction
Blink: The Power of Thinking Without Thinking,Â£21.74,In stock,Nonfiction
Black Flags: The Rise of ISIS,Â£40.87,In stock,Nonfiction
Are We Smart Enough to Know How Smart Animals Are?,Â£56.58,In stock,Nonfiction
A Walk in the Woods: Rediscovering America on the Appalachian Trail,Â£30.48,In stock,Nonfiction
"The Suffragettes (Little Black Classics, #96)",Â£11.89,In stock,Nonfiction
Kindle Paperwhite User's Guide,Â£34.00,In stock,Nonfiction
H is for Hawk,Â£57.42,In stock,Nonfiction
Travels with Charley: In Search of America,Â£57.82,In stock,Nonfiction
The Tumor,Â£41.56,In stock,Nonfiction
The End of the Jesus Era (An Investigation #1),Â£14.40,In stock,Nonfiction
"Eat, Pray, Love",Â£51.32,In stock,Nonfiction
Rip it Up and Start Again,Â£35.02,In stock,Music
"Our Band Could Be Your Life: Scenes from the American Indie Underground, 1981-1991",Â£57.25,In stock,Music
How Music Works,Â£37.32,In stock,Music
Love Is a Mix Tape (Music #1),Â£18.03,In stock,Music
Please Kill Me: The Uncensored Oral History of Punk,Â£31.19,In stock,Music
Kill 'Em and Leave: Searching for James Brown and the American Soul,Â£45.05,In stock,Music
"Chronicles, Vol. 1",Â£52.60,In stock,Music
This Is Your Brain on Music: The Science of a Human Obsession,Â£38.40,In stock,Music
"Orchestra of Exiles: The Story of Bronislaw Huberman, the Israel Philharmonic, and the One Thousand Jews He Saved from Nazi Horrors",Â£12.36,In stock,Music
No One Here Gets Out Alive,Â£20.02,In stock,Music
Life,Â£31.58,In stock,Music
Old Records Never Die: One Man's Quest for His Vinyl and His Past,Â£55.66,In stock,Music
Forever Rockers (The Rocker #12),Â£28.80,In stock,Music
"The Coming Woman: A Novel Based on the Life of the Infamous Feminist, Victoria Woodhull",Â£17.93,In stock,Default
The Boys in the Boat: Nine Americans and Their Epic Quest for Gold at the 1936 Berlin Olympics,Â£22.60,In stock,Default
"Starving Hearts (Triangular Trade Trilogy, #1)",Â£13.99,In stock,Default
America's Cradle of Quarterbacks: Western Pennsylvania's Football Factory from Johnny Unitas to Joe Montana,Â£22.50,In stock,Default
Aladdin and His Wonderful Lamp,Â£53.13,In stock,Default
Penny Maybe,Â£33.29,In stock,Default
Maude (1883-1993):She Grew Up with the country,Â£18.02,In stock,Default
"The Inefficiency Assassin: Time Management Tactics for Working Smarter, Not Longer",Â£20.59,In stock,Default
Soul Reader,Â£39.58,In stock,Default
Bossypants,Â£49.46,In stock,Default
A World of Flavor: Your Gluten Free Passport,Â£42.95,In stock,Default
"A Piece of Sky, a Grain of Rice: A Memoir in Four Meditations",Â£56.76,In stock,Default
Tracing Numbers on a Train,Â£41.60,In stock,Default
Thirteen Reasons Why,Â£52.72,In stock,Default
The Secret (The Secret #1),Â£27.37,In stock,Default
The Psychopath Test: A Journey Through the Madness Industry,Â£36.00,In stock,Default
The Kite Runner,Â£41.82,In stock,Default
The Girl on the Train,Â£55.02,In stock,Default
The Emerald Mystery,Â£23.15,In stock,Default
The Bridge to Consciousness: I'm Writing the Bridge Between Science and Our Old and New Beliefs.,Â£32.00,In stock,Default
The Art of War,Â£33.34,In stock,Default
Secrets and Lace (Fatal Hearts #1),Â£20.27,In stock,Default
Romero and Juliet: A Tragic Tale of Love and Zombies,Â£36.94,In stock,Default
Poses for Artists Volume 1 - Dynamic and Sitting Poses: An Essential Reference for Figure Drawing and the Human Form,Â£41.06,In stock,Default
Miss Peregrineâs Home for Peculiar Children (Miss Peregrineâs Peculiar Children #1),Â£10.76,In stock,Default
Large Print Heart of the Pride,Â£19.15,In stock,Default
Grumbles,Â£22.16,In stock,Default
First Steps for New Christians (Print Edition),Â£29.00,In stock,Default
Eureka Trivia 6.0,Â£54.59,In stock,Default
Drive: The Surprising Truth About What Motivates Us,Â£34.95,In stock,Default
Done Rubbed Out (Reightman & Bailey #1),Â£37.72,In stock,Default
Beauty Restored (Riley Family Legacy Novellas #3),Â£11.11,In stock,Default
Ayumi's Violin,Â£15.48,In stock,Default
Anonymous,Â£46.82,In stock,Default
Amy Meets the Saints and Sages,Â£18.46,In stock,Default
Amatus,Â£50.54,In stock,Default
V for Vendetta (V for Vendetta Complete),Â£37.10,In stock,Default
"Unbroken: A World War II Story of Survival, Resilience, and Redemption",Â£45.95,In stock,Default
The Wright Brothers,Â£56.80,In stock,Default
The Songs of the Gods,Â£44.48,In stock,Default
The Rosie Project (Don Tillman #1),Â£54.04,In stock,Default
The Power of Habit: Why We Do What We Do in Life and Business,Â£16.88,In stock,Default
Steve Jobs,Â£39.50,In stock,Default
Luckiest Girl Alive,Â£49.83,In stock,Default
"Living Leadership by Insight: A Good Leader Achieves, a Great Leader Builds Monuments",Â£46.91,In stock,Default
Lady Midnight (The Dark Artifices #1),Â£16.28,In stock,Default
"Hush, Hush (Hush, Hush #1)",Â£47.02,In stock,Default
Greek Mythic History,Â£10.23,In stock,Default
Every Last Word,Â£46.47,In stock,Default
Daily Fantasy Sports,Â£36.58,In stock,Default
Clockwork Angel (The Infernal Devices #1),Â£44.14,In stock,Default
City of Fallen Angels (The Mortal Instruments #4),Â£11.23,In stock,Default
City of Bones (The Mortal Instruments #1),Â£43.28,In stock,Default
City of Ashes (The Mortal Instruments #2),Â£47.27,In stock,Default
"Carry On, Warrior: Thoughts on Life Unarmed",Â£31.85,In stock,Default
Carrie,Â£46.23,In stock,Default
Angels & Demons (Robert Langdon #1),Â£51.48,In stock,Default
"The Three Searches, Meaning, and the Story",Â£13.33,In stock,Default
Raspberry Pi Electronics Projects for the Evil Genius,Â£49.67,In stock,Default
How to Speak Golf: An Illustrated Guide to Links Lingo,Â£58.32,In stock,Default
Eleanor & Park,Â£56.51,In stock,Default
Troublemaker: Surviving Hollywood and Scientology,Â£48.39,In stock,Default
Adultery,Â£20.88,In stock,Default
Unlimited Intuition Now,Â£58.87,In stock,Default
Underlying Notes,Â£11.82,In stock,Default
The New Brand You: Your New Image Makes the Sale for You,Â£44.05,In stock,Default
The Flowers Lied,Â£16.68,In stock,Default
"NaNo What Now? Finding your editing process, revising your NaNoWriMo book and building a writing career through publishing and beyond",Â£10.41,In stock,Default
Modern Day Fables,Â£47.44,In stock,Default
The Unlikely Pilgrimage of Harold Fry (Harold Fry #1),Â£43.62,In stock,Default
The Martian (The Martian #1),Â£41.39,In stock,Default
Left Behind (Left Behind #1),Â£40.72,In stock,Default
John Vassos: Industrial Design for Modern Life,Â£20.22,In stock,Default
I'll Give You the Sun,Â£56.48,In stock,Default
Heaven is for Real: A Little Boy's Astounding Story of His Trip to Heaven and Back,Â£52.86,In stock,Default
Ender's Game (The Ender Quintet #1),Â£43.64,In stock,Default
Death by Leisure: A Cautionary Tale,Â£37.51,In stock,Default
Wildlife of New York: A Five-Borough Coloring Book,Â£22.14,In stock,Default
The Year of Living Biblically: One Man's Humble Quest to Follow the Bible as Literally as Possible,Â£34.72,In stock,Default
The Great Gatsby,Â£36.05,In stock,Default
The Good Girl,Â£49.03,In stock,Default
The 7 Habits of Highly Effective People: Powerful Lessons in Personal Change,Â£33.17,In stock,Default
Steal Like an Artist: 10 Things Nobody Told You About Being Creative,Â£20.90,In stock,Default
Life of Pi,Â£13.22,In stock,Default
The Sound Of Love,Â£57.84,In stock,Default
The Perks of Being a Wallflower,Â£55.02,In stock,Default
The Makings of a Fatherless Child,Â£31.58,In stock,Default
The Hobbit (Middle-Earth Universe),Â£17.80,In stock,Default
The Fellowship of the Ring (The Lord of the Rings #1),Â£10.27,In stock,Default
Ship Leaves Harbor: Essays on Travel by a Recovering Journeyman,Â£30.60,In stock,Default
Musicophilia: Tales of Music and the Brain,Â£46.58,In stock,Default
What If?: Serious Scientific Answers to Absurd Hypothetical Questions,Â£53.68,In stock,Default
The Fault in Our Stars,Â£47.22,In stock,Default
The Dream Thieves (The Raven Cycle #2),Â£34.50,In stock,Default
The 5th Wave (The 5th Wave #1),Â£11.83,In stock,Default
Shiver (The Wolves of Mercy Falls #1),Â£16.23,In stock,Default
Remember Me?,Â£11.48,In stock,Default
If I Stay (If I Stay #1),Â£38.13,In stock,Default
I Know Why the Caged Bird Sings (Maya Angelou's Autobiography #1),Â£36.55,In stock,Default
Harry Potter and the Deathly Hallows (Harry Potter #7),Â£23.32,In stock,Default
Fool Me Once,Â£16.96,In stock,Default
Drama,Â£38.70,In stock,Default
"Blue Lily, Lily Blue (The Raven Cycle #3)",Â£34.13,In stock,Default
Alight (The Generations Trilogy #2),Â£58.59,In stock,Default
Vogue Colors A to Z: A Fashion Coloring Book,Â£52.35,In stock,Default
The Shining (The Shining #1),Â£27.88,In stock,Default
The Hunger Games (The Hunger Games #1),Â£29.85,In stock,Default
Outlander (Outlander #1),Â£19.67,In stock,Default
Mockingjay (The Hunger Games #3),Â£20.44,In stock,Default
Harry Potter and the Sorcerer's Stone (Harry Potter #1),Â£13.90,In stock,Default
Confessions of a Shopaholic (Shopaholic #1),Â£48.94,In stock,Default
Zero History (Blue Ant #3),Â£34.77,In stock,Default
World War Z: An Oral History of the Zombie War,Â£21.80,In stock,Default
Wild: From Lost to Found on the Pacific Crest Trail,Â£46.02,In stock,Default
"Where'd You Go, Bernadette",Â£18.13,In stock,Default
Twilight (Twilight #1),Â£41.93,In stock,Default
The Paris Wife,Â£36.80,In stock,Default
The Maze Runner (The Maze Runner #1),Â£20.93,In stock,Default
The Lover's Dictionary,Â£58.09,In stock,Default
The Goldfinch,Â£43.58,In stock,Default
The Giver (The Giver Quartet #1),Â£12.30,In stock,Default
The Girl Who Played with Fire (Millennium Trilogy #2),Â£22.14,In stock,Default
The Demon-Haunted World: Science as a Candle in the Dark,Â£52.25,In stock,Default
The Book Thief,Â£53.49,In stock,Default
The Autobiography of Malcolm X,Â£23.43,In stock,Default
Shopaholic & Baby (Shopaholic #5),Â£46.45,In stock,Default
Quiet: The Power of Introverts in a World That Can't Stop Talking,Â£43.55,In stock,Default
Packing for Mars: The Curious Science of Life in the Void,Â£56.68,In stock,Default
Orange Is the New Black,Â£24.61,In stock,Default
One for the Money (Stephanie Plum #1),Â£32.87,In stock,Default
Morning Star (Red Rising #3),Â£29.40,In stock,Default
Life After Life,Â£26.13,In stock,Default
"Lean In: Women, Work, and the Will to Lead",Â£25.02,In stock,Default
Is Everyone Hanging Out Without Me? (And Other Concerns),Â£20.11,In stock,Default
Gone Girl,Â£37.60,In stock,Default
Fellside,Â£38.62,In stock,Default
Eclipse (Twilight #3),Â£18.74,In stock,Default
Dracula,Â£52.62,In stock,Default
Dead Wake: The Last Crossing of the Lusitania,Â£39.24,In stock,Default
"David and Goliath: Underdogs, Misfits, and the Art of Battling Giants",Â£17.81,In stock,Default
Dark Places,Â£23.90,In stock,Default
Breaking Dawn (Twilight #4),Â£35.28,In stock,Default
Beautiful Creatures (Caster Chronicles #1),Â£21.55,In stock,Default
A Visit from the Goon Squad,Â£14.08,In stock,Default
The Zombie Room,Â£19.69,In stock,Default
The Name of the Wind (The Kingkiller Chronicle #1),Â£50.59,In stock,Default
Taking Shots (Assassins #1),Â£18.88,In stock,Default
Shatter Me (Shatter Me #1),Â£42.40,In stock,Default
Paradise Lost (Paradise #1),Â£24.96,In stock,Default
On the Road (Duluoz Legend),Â£32.36,In stock,Default
Jane Eyre,Â£38.43,In stock,Default
Frankenstein,Â£38.00,In stock,Default
Mesaerion: The Best Science Fiction Stories 1800-1849,Â£37.59,In stock,Science Fiction
Join,Â£35.67,In stock,Science Fiction
"William Shakespeare's Star Wars: Verily, A New Hope (William Shakespeare's Star Wars #4)",Â£43.30,In stock,Science Fiction
The Project,Â£10.65,In stock,Science Fiction
Soft Apocalypse,Â£26.12,In stock,Science Fiction
Sleeping Giants (Themis Files #1),Â£48.74,In stock,Science Fiction
Arena,Â£21.36,In stock,Science Fiction
Foundation (Foundation (Publication Order) #1),Â£32.42,In stock,Science Fiction
The Restaurant at the End of the Universe (Hitchhiker's Guide to the Galaxy #2),Â£10.92,In stock,Science Fiction
Ready Player One,Â£19.07,In stock,Science Fiction
"Life, the Universe and Everything (Hitchhiker's Guide to the Galaxy #3)",Â£33.26,In stock,Science Fiction
Dune (Dune #1),Â£54.86,In stock,Science Fiction
Do Androids Dream of Electric Sheep? (Blade Runner #1),Â£51.48,In stock,Science Fiction
Three Wishes (River of Time: California #1),Â£44.18,In stock,Science Fiction
The Last Girl (The Dominion Trilogy #1),Â£36.26,In stock,Science Fiction
Having the Barbarian's Baby (Ice Planet Barbarians #7.5),Â£34.96,In stock,Science Fiction
The Book of Basketball: The NBA According to The Sports Guy,Â£44.84,In stock,Sports and Games
"Friday Night Lights: A Town, a Team, and a Dream",Â£51.22,In stock,Sports and Games
Sugar Rush (Offensive Line #2),Â£24.42,In stock,Sports and Games
Settling the Score (The Summer Games #1),Â£44.91,In stock,Sports and Games
Icing (Aces Hockey #2),Â£40.44,In stock,Sports and Games
The Torch Is Passed: A Harding Family Story,Â£19.09,In stock,Add a comment
"The Mindfulness and Acceptance Workbook for Anxiety: A Guide to Breaking Free from Anxiety, Phobias, and Worry Using Acceptance and Commitment Therapy",Â£23.89,In stock,Add a comment
The Art Forger,Â£40.76,In stock,Add a comment
On a Midnight Clear,Â£14.07,In stock,Add a comment
Judo: Seven Steps to Black Belt (an Introductory Guide for Beginners),Â£53.90,In stock,Add a comment
"Shobu Samurai, Project Aryoku (#3)",Â£29.06,In stock,Add a comment
Modern Romance,Â£28.26,In stock,Add a comment
The White Queen (The Cousins' War #1),Â£25.91,In stock,Add a comment
The Song of Achilles,Â£37.40,In stock,Add a comment
The Immortal Life of Henrietta Lacks,Â£40.67,In stock,Add a comment
The Dovekeepers,Â£48.78,In stock,Add a comment
More Than Music (Chasing the Dream #1),Â£37.61,In stock,Add a comment
Code Name Verity (Code Name Verity #1),Â£22.13,In stock,Add a comment
Cell,Â£20.29,In stock,Add a comment
Angels Walking (Angels Walking #1),Â£34.20,In stock,Add a comment
"A Series of Catastrophes and Miracles: A True Story of Love, Science, and Cancer",Â£56.48,In stock,Add a comment
A People's History of the United States,Â£40.79,In stock,Add a comment
A Brush of Wings (Angels Walking #3),Â£55.51,In stock,Add a comment
Rook,Â£37.86,In stock,Add a comment
The Midnight Watch: A Novel of the Titanic and the Californian,Â£26.20,In stock,Add a comment
The Gray Rhino: How to Recognize and Act on the Obvious Dangers We Ignore,Â£59.15,In stock,Add a comment
The Children,Â£11.88,In stock,Add a comment
One with You (Crossfire #5),Â£15.71,In stock,Add a comment
Without Shame,Â£48.27,In stock,Add a comment
Watchmen,Â£58.05,In stock,Add a comment
A Hero's Curse (The Unseen Chronicles #1),Â£50.49,In stock,Add a comment
23 Degrees South: A Tropical Tale of Changing Whether...,Â£35.79,In stock,Add a comment
The Glass Castle,Â£16.24,In stock,Add a comment
The Drowning Girls,Â£35.67,In stock,Add a comment
Team of Rivals: The Political Genius of Abraham Lincoln,Â£20.12,In stock,Add a comment
John Adams,Â£57.43,In stock,Add a comment
Good in Bed (Cannie Shapiro #1),Â£37.05,In stock,Add a comment
The Joy of Cooking,Â£43.27,In stock,Add a comment
The Golden Compass (His Dark Materials #1),Â£18.77,In stock,Add a comment
The God Delusion,Â£46.85,In stock,Add a comment
Pride and Prejudice,Â£19.27,In stock,Add a comment
Mere Christianity,Â£48.51,In stock,Add a comment
Fun Home: A Family Tragicomic,Â£56.59,In stock,Add a comment
The Raven King (The Raven Cycle #4),Â£30.57,In stock,Add a comment
Find Her (Detective D.D. Warren #8),Â£22.37,In stock,Add a comment
Evicted: Poverty and Profit in the American City,Â£42.27,In stock,Add a comment
A Game of Thrones (A Song of Ice and Fire #1),Â£46.42,In stock,Add a comment
A Clash of Kings (A Song of Ice and Fire #2),Â£10.79,In stock,Add a comment
The Tipping Point: How Little Things Can Make a Big Difference,Â£10.02,In stock,Add a comment
The Rest Is Noise: Listening to the Twentieth Century,Â£34.77,In stock,Add a comment
The Purpose Driven Life: What on Earth Am I Here for?,Â£37.19,In stock,Add a comment
The Hitchhiker's Guide to the Galaxy (Hitchhiker's Guide to the Galaxy #1),Â£47.80,In stock,Add a comment
The Girl Who Kicked the Hornet's Nest (Millennium Trilogy #3),Â£57.48,In stock,Add a comment
"The End of Faith: Religion, Terror, and the Future of Reason",Â£22.13,In stock,Add a comment
The Complete Poems,Â£41.32,In stock,Add a comment
The Catcher in the Rye,Â£24.55,In stock,Add a comment
The Case for Christ (Cases for Christianity),Â£47.84,In stock,Add a comment
The Blind Side: Evolution of a Game,Â£53.71,In stock,Add a comment
Seven Days in the Art World,Â£52.33,In stock,Add a comment
Sarah's Key,Â£46.29,In stock,Add a comment
Rogue Lawyer (Rogue Lawyer #1),Â£50.11,In stock,Add a comment
Manuscript Found in Accra,Â£34.98,In stock,Add a comment
Fire Bound (Sea Haven/Sisters of the Heart #5),Â£21.28,In stock,Add a comment
Cosmos,Â£36.17,In stock,Add a comment
#GIRLBOSS,Â£50.96,In stock,Add a comment
The Sense of an Ending,Â£31.38,In stock,Add a comment
The Republic,Â£33.78,In stock,Add a comment
The Odyssey,Â£29.64,In stock,Add a comment
The Light of the Fireflies,Â£54.43,In stock,Add a comment
The Iliad,Â£16.16,In stock,Add a comment
The Communist Manifesto,Â£14.76,In stock,Add a comment
Lord of the Flies,Â£24.89,In stock,Add a comment
Unicorn Tracks,Â£18.78,In stock,Fantasy
"Saga, Volume 6 (Saga (Collected Editions) #6)",Â£25.02,In stock,Fantasy
Princess Between Worlds (Wide-Awake Princess #5),Â£13.34,In stock,Fantasy
Masks and Shadows,Â£56.40,In stock,Fantasy
Crown of Midnight (Throne of Glass #2),Â£43.29,In stock,Fantasy
"Avatar: The Last Airbender: Smoke and Shadow, Part 3 (Smoke and Shadow #3)",Â£28.09,In stock,Fantasy
A Court of Thorns and Roses (A Court of Thorns and Roses #1),Â£52.37,In stock,Fantasy
Throne of Glass (Throne of Glass #1),Â£35.07,In stock,Fantasy
The Glittering Court (The Glittering Court #1),Â£44.28,In stock,Fantasy
Hollow City (Miss Peregrineâs Peculiar Children #2),Â£42.98,In stock,Fantasy
The Star-Touched Queen,Â£46.02,In stock,Fantasy
The Hidden Oracle (The Trials of Apollo #1),Â£52.26,In stock,Fantasy
The Bane Chronicles (The Bane Chronicles #1-11),Â£44.73,In stock,Fantasy
Island of Dragons (Unwanteds #7),Â£29.65,In stock,Fantasy
Demigods & Magicians: Percy and Annabeth Meet the Kanes (Percy Jackson & Kane Chronicles Crossover #1-3),Â£37.51,In stock,Fantasy
City of Glass (The Mortal Instruments #3),Â£56.02,In stock,Fantasy
Searching for Meaning in Gailana,Â£38.73,In stock,Fantasy
The Star-Touched Queen,Â£32.30,In stock,Fantasy
A Shard of Ice (The Black Symphony Saga #1),Â£56.63,In stock,Fantasy
King's Folly (The Kinsman Chronicles #1),Â£39.61,In stock,Fantasy
Every Heart a Doorway (Every Heart A Doorway #1),Â£12.16,In stock,Fantasy
A Gathering of Shadows (Shades of Magic #2),Â£44.81,In stock,Fantasy
The Raven Boys (The Raven Cycle #1),Â£57.74,In stock,Fantasy
The False Prince (The Ascendance Trilogy #1),Â£56.00,In stock,Fantasy
Tell the Wind and Fire,Â£45.51,In stock,Fantasy
A Feast for Crows (A Song of Ice and Fire #4),Â£17.21,In stock,Fantasy
The Demonists (Demonist #1),Â£52.11,In stock,Fantasy
The Beast (Black Dagger Brotherhood #14),Â£46.08,In stock,Fantasy
Paper and Fire (The Great Library #2),Â£49.45,In stock,Fantasy
Harry Potter and the Order of the Phoenix (Harry Potter #5),Â£31.63,In stock,Fantasy
Harry Potter and the Half-Blood Prince (Harry Potter #6),Â£48.75,In stock,Fantasy
Harry Potter and the Chamber of Secrets (Harry Potter #2),Â£14.74,In stock,Fantasy
The Rose & the Dagger (The Wrath and the Dawn #2),Â£58.64,In stock,Fantasy
Soldier (Talon #3),Â£24.72,In stock,Fantasy
Midnight Riot (Peter Grant/ Rivers of London - books #1),Â£55.46,In stock,Fantasy
Heir to the Sky,Â£44.07,In stock,Fantasy
Eragon (The Inheritance Cycle #1),Â£43.87,In stock,Fantasy
Darkfever (Fever #1),Â£56.02,In stock,Fantasy
Ash,Â£22.06,In stock,Fantasy
A Storm of Swords (A Song of Ice and Fire #3),Â£31.22,In stock,Fantasy
Vampire Girl (Vampire Girl #1),Â£53.82,In stock,Fantasy
The Silent Twin (Detective Jennifer Knight #3),Â£36.25,In stock,Fantasy
The Mirror & the Maze (The Wrath and the Dawn #1.5),Â£29.38,In stock,Fantasy
Sister Sable (The Mad Queen #1),Â£13.33,In stock,Fantasy
Shadow Rites (Jane Yellowrock #10),Â£21.72,In stock,Fantasy
Origins (Alphas 0.5),Â£28.99,In stock,Fantasy
One Second (Seven #7),Â£52.94,In stock,Fantasy
Myriad (Prentor #1),Â£58.75,In stock,Fantasy
Without Borders (Wanderlove #1),Â£45.07,In stock,New Adult
The Mistake (Off-Campus #2),Â£43.29,In stock,New Adult
The Matchmaker's Playbook (Wingmen Inc. #1),Â£55.85,In stock,New Adult
The Hook Up (Game On #1),Â£36.29,In stock,New Adult
Shameless,Â£58.35,In stock,New Adult
Off Sides (Off #1),Â£39.45,In stock,New Adult
The Requiem Red,Â£22.65,In stock,Young Adult
Set Me Free,Â£17.46,In stock,Young Adult
The Natural History of Us (The Fine Art of Pretending #2),Â£45.22,In stock,Young Adult
Obsidian (Lux #1),Â£14.86,In stock,Young Adult
Burning,Â£28.81,In stock,Young Adult
A Fierce and Subtle Poison,Â£28.13,In stock,Young Adult
Scarlett Epstein Hates It Here,Â£43.55,In stock,Young Adult
"Nightingale, Sing",Â£38.28,In stock,Young Adult
Library of Souls (Miss Peregrineâs Peculiar Children #3),Â£48.56,In stock,Young Adult
Frostbite (Vampire Academy #2),Â£29.99,In stock,Young Adult
Wild Swans,Â£14.36,In stock,Young Adult
Until Friday Night (The Field Party #1),Â£46.31,In stock,Young Adult
This Is Where It Ends,Â£27.12,In stock,Young Adult
The Darkest Lie,Â£35.35,In stock,Young Adult
My Kind of Crazy,Â£40.36,In stock,Young Adult
Don't Get Caught,Â£55.35,In stock,Young Adult
Catching Jordan (Hundred Oaks),Â£50.83,In stock,Young Adult
Aristotle and Dante Discover the Secrets of the Universe (Aristotle and Dante Discover the Secrets of the Universe #1),Â£58.14,In stock,Young Adult
The Epidemic (The Program 0.6),Â£14.44,In stock,Young Adult
Stars Above (The Lunar Chronicles #4.5),Â£48.05,In stock,Young Adult
No Love Allowed (Dodge Cove #1),Â£54.65,In stock,Young Adult
"Exit, Pursued by a Bear",Â£51.34,In stock,Young Adult
The Alien Club,Â£54.40,In stock,Young Adult
Don't Forget Steven,Â£33.23,In stock,Young Adult
South of Sunshine,Â£28.93,In stock,Young Adult
My Life Next Door (My Life Next Door ),Â£36.39,In stock,Young Adult
Future Shock (Future Shock #1),Â£55.65,In stock,Young Adult
Nightstruck: A Novel,Â£50.35,In stock,Young Adult
Tell the Wolves I'm Home,Â£50.96,In stock,Young Adult
"Will Grayson, Will Grayson (Will Grayson, Will Grayson)",Â£47.31,In stock,Young Adult
Where She Went (If I Stay #2),Â£41.73,In stock,Young Adult
Two Summers,Â£14.64,In stock,Young Adult
The Darkest Corners,Â£11.33,In stock,Young Adult
Tell Me Three Things,Â£41.81,In stock,Young Adult
Lola and the Boy Next Door (Anna and the French Kiss #2),Â£23.63,In stock,Young Adult
Kill the Boy Band,Â£15.52,In stock,Young Adult
Isla and the Happily Ever After (Anna and the French Kiss #3),Â£48.13,In stock,Young Adult
An Abundance of Katherines,Â£10.00,In stock,Young Adult
Harry Potter and the Prisoner of Azkaban (Harry Potter #3),Â£24.17,In stock,Young Adult
Walk the Edge (Thunder Road #2),Â£32.36,In stock,Young Adult
Two Boys Kissing,Â£32.74,In stock,Young Adult
The New Guy (and Other Senior Year Distractions),Â£44.92,In stock,Young Adult
"The Land of 10,000 Madonnas",Â£29.64,In stock,Young Adult
Scarlet (The Lunar Chronicles #2),Â£14.57,In stock,Young Adult
Legend (Legend #1),Â£43.69,In stock,Young Adult
Lady Renegades (Rebel Belle #3),Â£53.04,In stock,Young Adult
Golden (Heart of Dread #3),Â£42.21,In stock,Young Adult
Cinder (The Lunar Chronicles #1),Â£26.09,In stock,Young Adult
Boy Meets Boy,Â£21.12,In stock,Young Adult
Annie on My Mind,Â£36.83,In stock,Young Adult
New Moon (Twilight #2),Â£12.86,In stock,Young Adult
Girl Online On Tour (Girl Online #2),Â£53.47,In stock,Young Adult
The Haters,Â£27.89,In stock,Young Adult
The Art of Not Breathing,Â£40.83,In stock,Young Adult
The Most Perfect Thing: Inside (and Outside) a Bird's Egg,Â£42.96,In stock,Science
Immunity: How Elie Metchnikoff Changed the Course of Modern Medicine,Â£57.36,In stock,Science
Sorting the Beef from the Bull: The Science of Food Fraud Forensics,Â£44.74,In stock,Science
Tipping Point for Planet Earth: How Close Are We to the Edge?,Â£37.55,In stock,Science
"The Fabric of the Cosmos: Space, Time, and the Texture of Reality",Â£55.91,In stock,Science
Diary of a Citizen Scientist: Chasing Tiger Beetles and Other New Ways of Engaging the World,Â£28.41,In stock,Science
The Origin of Species,Â£10.01,In stock,Science
The Grand Design,Â£13.76,In stock,Science
Peak: Secrets from the New Science of Expertise,Â£16.28,In stock,Science
"The Elegant Universe: Superstrings, Hidden Dimensions, and the Quest for the Ultimate Theory",Â£13.03,In stock,Science
"The Disappearing Spoon: And Other True Tales of Madness, Love, and the History of the World from the Periodic Table of the Elements",Â£57.35,In stock,Science
"Surely You're Joking, Mr. Feynman!: Adventures of a Curious Character",Â£25.83,In stock,Science
Seven Brief Lessons on Physics,Â£30.60,In stock,Science
The Selfish Gene,Â£29.45,In stock,Science
A Light in the Attic,Â£51.77,In stock,Poetry
The Black Maria,Â£52.15,In stock,Poetry
Shakespeare's Sonnets,Â£20.66,In stock,Poetry
Olio,Â£23.88,In stock,Poetry
You can't bury them all: Poems,Â£33.63,In stock,Poetry
Slow States of Collapse: Poems,Â£57.31,In stock,Poetry
Untitled Collection: Sabbath Poems 2014,Â£14.27,In stock,Poetry
Poems That Make Grown Women Cry,Â£14.19,In stock,Poetry
Night Sky with Exit Wounds,Â£41.05,In stock,Poetry
salt.,Â£46.78,In stock,Poetry
"Quarter Life Poetry: Poems for the Young, Broke and Hangry",Â£50.89,In stock,Poetry
Out of Print: City Lights Spotlight No. 14,Â£53.64,In stock,Poetry
Les Fleurs du Mal,Â£29.04,In stock,Poetry
Howl and Other Poems,Â£40.45,In stock,Poetry
Leave This Song Behind: Teen Poetry at Its Best,Â£51.17,In stock,Poetry
The Collected Poems of W.B. Yeats (The Collected Works of W.B. Yeats #1),Â£15.42,In stock,Poetry
The Crossover,Â£38.77,In stock,Poetry
Booked,Â£17.49,In stock,Poetry
Twenty Love Poems and a Song of Despair,Â£30.95,In stock,Poetry
"Vampire Knight, Vol. 1 (Vampire Knight #1)",Â£15.40,In stock,Paranormal
Wall and Piece,Â£44.18,In stock,Art
Feathers: Displays of Brilliant Plumage,Â£49.05,In stock,Art
Art and Fear: Observations on the Perils (and Rewards) of Artmaking,Â£48.63,In stock,Art
The New Drawing on the Right Side of the Brain,Â£43.02,In stock,Art
History of Beauty,Â£10.29,In stock,Art
The Story of Art,Â£41.14,In stock,Art
The Art Book,Â£32.34,In stock,Art
Ways of Seeing,Â£39.51,In stock,Art
The Lucifer Effect: Understanding How Good People Turn Evil,Â£10.40,In stock,Psychology
The Golden Condom: And Other Essays on Love Lost and Found,Â£39.43,In stock,Psychology
It Didn't Start with You: How Inherited Family Trauma Shapes Who We Are and How to End the Cycle,Â£56.27,In stock,Psychology
An Unquiet Mind: A Memoir of Moods and Madness,Â£21.30,In stock,Psychology
"Thinking, Fast and Slow",Â£21.14,In stock,Psychology
Civilization and Its Discontents,Â£59.95,In stock,Psychology
8 Keys to Mental Health Through Exercise,Â£31.04,In stock,Psychology
The Argonauts,Â£10.93,In stock,Autobiography
M Train,Â£27.18,In stock,Autobiography
Lab Girl,Â£40.85,In stock,Autobiography
Approval Junkie: Adventures in Caring Too Much,Â£58.81,In stock,Autobiography
Running with Scissors,Â£12.91,In stock,Autobiography
Me Talk Pretty One Day,Â£57.60,In stock,Autobiography
Lust & Wonder,Â£11.87,In stock,Autobiography
Life Without a Recipe,Â£59.04,In stock,Autobiography
A Heartbreaking Work of Staggering Genius,Â£54.29,In stock,Autobiography
Catastrophic Happiness: Finding Joy in Childhood's Messy Years,Â£37.35,In stock,Parenting
Fifty Shades Freed (Fifty Shades #3),Â£15.36,In stock,Adult Fiction
The Long Haul (Diary of a Wimpy Kid #9),Â£44.07,In stock,Humor
Old School (Diary of a Wimpy Kid #10),Â£11.83,In stock,Humor
I Know What I'm Doing -- and Other Lies I Tell Myself: Dispatches from a Life Under Construction,Â£25.98,In stock,Humor
"Hyperbole and a Half: Unfortunate Situations, Flawed Coping Mechanisms, Mayhem, and Other Things That Happened",Â£14.75,In stock,Humor
Dress Your Family in Corduroy and Denim,Â£43.68,In stock,Humor
Toddlers Are A**holes: It's Not Your Fault,Â£25.55,In stock,Humor
When You Are Engulfed in Flames,Â£30.89,In stock,Humor
Naked,Â£31.69,In stock,Humor
"Lamb: The Gospel According to Biff, Christ's Childhood Pal",Â£55.50,In stock,Humor
Holidays on Ice,Â£51.07,In stock,Humor
Security,Â£39.25,In stock,Horror
Follow You Home,Â£21.36,In stock,Horror
The Loney,Â£23.40,In stock,Horror
Pet Sematary,Â£10.56,In stock,Horror
Doctor Sleep (The Shining #2),Â£40.12,In stock,Horror
Psycho: Sanitarium (Psycho #1.5),Â£36.97,In stock,Horror
Can You Keep a Secret? (Fear Street Relaunch #4),Â£48.64,In stock,Horror
Red Dragon (Hannibal Lecter #1),Â£23.37,In stock,Horror
Dracula the Un-Dead,Â£35.63,In stock,Horror
Night Shift (Night Shift #1-20),Â£12.75,In stock,Horror
Needful Things,Â£47.51,In stock,Horror
Misery,Â£34.79,In stock,Horror
It,Â£25.01,In stock,Horror
'Salem's Lot,Â£49.56,In stock,Horror
The Stand,Â£57.86,In stock,Horror
The Girl with All the Gifts,Â£49.47,In stock,Horror
House of Leaves,Â£54.89,In stock,Horror
Sapiens: A Brief History of Humankind,Â£54.23,In stock,History
"Unbound: How Eight Technologies Made Us Human, Transformed Society, and Brought Our World to the Brink",Â£25.52,In stock,History
The Age of Genius: The Seventeenth Century and the Birth of the Modern Mind,Â£19.73,In stock,History
"Political Suicide: Missteps, Peccadilloes, Bad Calls, Backroom Hijinx, Sordid Pasts, Rotten Breaks, and Just Plain Dumb Mistakes in the Annals of American Politics",Â£36.28,In stock,History
Thomas Jefferson and the Tripoli Pirates: The Forgotten War That Changed American History,Â£59.64,In stock,History
Zealot: The Life and Times of Jesus of Nazareth,Â£24.70,In stock,History
A Distant Mirror: The Calamitous 14th Century,Â£14.58,In stock,History
1491: New Revelations of the Americas Before Columbus,Â£21.80,In stock,History
Brilliant Beacons: A History of the American Lighthouse,Â£11.45,In stock,History
"""Most Blessed of the Patriarchs"": Thomas Jefferson and the Empire of the Imagination",Â£44.48,In stock,History
A Short History of Nearly Everything,Â£52.40,In stock,History
The Rise and Fall of the Third Reich: A History of Nazi Germany,Â£39.67,In stock,History
Catherine the Great: Portrait of a Woman,Â£58.55,In stock,History
The Mathews Men: Seven Brothers and the War Against Hitler's U-boats,Â£42.91,In stock,History
The Hiding Place,Â£55.91,In stock,History
America's War for the Greater Middle East: A Military History,Â£51.22,In stock,History
The Guns of August,Â£14.54,In stock,History
"House of Lost Worlds: Dinosaurs, Dynasties, and the Story of Life on Earth",Â£43.70,In stock,History
"Foolproof Preserving: A Guide to Small Batch Jams, Jellies, Pickles, Condiments, and More: A Foolproof Guide to Making Small Batch Jams, Jellies, Pickles, Condiments, and More",Â£30.52,In stock,Food and Drink
"The Pioneer Woman Cooks: Dinnertime: Comfort Classics, Freezer Food, 16-Minute Meals, and Other Delicious Ways to Solve Supper!",Â£56.41,In stock,Food and Drink
My Paris Kitchen: Recipes and Stories,Â£33.37,In stock,Food and Drink
"Mama Tried: Traditional Italian Cooking for the Screwed, Crude, Vegan, and Tattooed",Â£14.02,In stock,Food and Drink
"Layered: Baking, Building, and Styling Spectacular Cakes",Â£40.11,In stock,Food and Drink
The Nerdy Nummies Cookbook: Sweet Treats for the Geek in All of Us,Â£37.34,In stock,Food and Drink
The Love and Lemons Cookbook: An Apple-to-Zucchini Celebration of Impromptu Cooking,Â£37.60,In stock,Food and Drink
The Cookies & Cups Cookbook: 125+ sweet & savory recipes reminding you to Always Eat Dessert First,Â£41.25,In stock,Food and Drink
"Deliciously Ella Every Day: Quick and Easy Recipes for Gluten-Free Snacks, Packed Lunches, and Simple Meals",Â£42.16,In stock,Food and Drink
The Help Yourself Cookbook for Kids: 60 Easy Plant-Based Recipes Kids Can Make to Stay Healthy and Save the Earth,Â£28.77,In stock,Food and Drink
"It's All Easy: Healthy, Delicious Weeknight Meals in under 30 Minutes",Â£19.55,In stock,Food and Drink
Barefoot Contessa Back to Basics,Â£28.01,In stock,Food and Drink
Barefoot Contessa at Home: Everyday Recipes You'll Make Over and Over Again,Â£50.62,In stock,Food and Drink
My Kitchen Year: 136 Recipes That Saved My Life,Â£11.53,In stock,Food and Drink
Everyday Italian: 125 Simple and Delicious Recipes,Â£20.10,In stock,Food and Drink
"A la Mode: 120 Recipes in 60 Pairings: Pies, Tarts, Cakes, Crisps, and More Topped with Ice Cream, Gelato, Frozen Custard, and More",Â£38.77,In stock,Food and Drink
Cravings: Recipes for What You Want to Eat,Â£20.50,In stock,Food and Drink
"The Moosewood Cookbook: Recipes from Moosewood Restaurant, Ithaca, New York",Â£12.34,In stock,Food and Drink
32 Yolks,Â£53.63,In stock,Food and Drink
"Naturally Lean: 125 Nourishing Gluten-Free, Plant-Based Recipes--All Under 300 Calories",Â£11.38,In stock,Food and Drink
How to Cook Everything Vegetarian: Simple Meatless Recipes for Great Food (How to Cook Everything),Â£46.01,In stock,Food and Drink
How to Be a Domestic Goddess: Baking and the Art of Comfort Cooking,Â£28.25,In stock,Food and Drink
The Barefoot Contessa Cookbook,Â£59.92,In stock,Food and Drink
Better Homes and Gardens New Cook Book,Â£39.61,In stock,Food and Drink
The Power Greens Cookbook: 140 Delicious Superfood Recipes,Â£11.05,In stock,Food and Drink
Mexican Today: New and Rediscovered Recipes for Contemporary Kitchens,Â£24.91,In stock,Food and Drink
Vegan Vegetarian Omnivore: Dinner for Everyone at the Table,Â£13.66,In stock,Food and Drink
The Smitten Kitchen Cookbook,Â£23.59,In stock,Food and Drink
"The Art of Simple Food: Notes, Lessons, and Recipes from a Delicious Revolution",Â£34.32,In stock,Food and Drink
Hungry Girl Clean & Hungry: Easy All-Natural Recipes for Healthy Eating in the Real World,Â£33.14,In stock,Food and Drink
Redeeming Love,Â£20.47,In stock,Christian Fiction
Close to You,Â£49.46,In stock,Christian Fiction
Shadows of the Past (Logan Point #1),Â£39.67,In stock,Christian Fiction
Like Never Before (Walker Family #2),Â£28.77,In stock,Christian Fiction
Counted With the Stars (Out from Egypt #1),Â£17.97,In stock,Christian Fiction
If I Run (If I Run #1),Â£49.97,In stock,Christian Fiction
The Dirty Little Secrets of Getting Your Dream Job,Â£33.34,In stock,Business
The Third Wave: An Entrepreneurâs Vision of the Future,Â£12.61,In stock,Business
The 10% Entrepreneur: Live Your Startup Dream Without Quitting Your Day Job,Â£27.55,In stock,Business
Shoe Dog: A Memoir by the Creator of NIKE,Â£23.99,In stock,Business
Made to Stick: Why Some Ideas Survive and Others Die,Â£38.85,In stock,Business
Quench Your Own Thirst: Business Lessons Learned Over a Beer or Two,Â£43.14,In stock,Business
The Art of Startup Fundraising,Â£21.00,In stock,Business
Born for This: How to Find the Work You Were Meant to Do,Â£21.59,In stock,Business
The E-Myth Revisited: Why Most Small Businesses Don't Work and What to Do About It,Â£36.91,In stock,Business
"Rich Dad, Poor Dad",Â£51.74,In stock,Business
The Lean Startup: How Today's Entrepreneurs Use Continuous Innovation to Create Radically Successful Businesses,Â£33.92,In stock,Business
Rework,Â£44.88,In stock,Business
Louisa: The Extraordinary Life of Mrs. Adams,Â£16.85,In stock,Biography
"Setting the World on Fire: The Brief, Astonishing Life of St. Catherine of Siena",Â£21.15,In stock,Biography
The Faith of Christopher Hitchens: The Restless Soul of the World's Most Notorious Atheist,Â£39.55,In stock,Biography
Benjamin Franklin: An American Life,Â£48.19,In stock,Biography
The Rise of Theodore Roosevelt (Theodore Roosevelt #1),Â£42.57,In stock,Biography
In Her Wake,Â£12.84,In stock,Thriller
The Elephant Tree,Â£23.82,In stock,Thriller
Behind Closed Doors,Â£52.22,In stock,Thriller
You (You #1),Â£43.61,In stock,Thriller
The Guilty (Will Robie #4),Â£13.82,In stock,Thriller
The 14th Colony (Cotton Malone #11),Â£39.24,In stock,Thriller
Give It Back,Â£18.32,In stock,Thriller
Killing Floor (Jack Reacher #1),Â£31.49,In stock,Thriller
The Bone Hunters (Lexy Vaughan & Steven Macaulay #2),Â£59.71,In stock,Thriller
Far From True (Promise Falls Trilogy #2),Â£34.93,In stock,Thriller
The Travelers,Â£15.77,In stock,Thriller
When We Collided,Â£31.77,In stock,Contemporary
Someone Like You (The Harrisons #2),Â£52.79,In stock,Contemporary
We Are All Completely Beside Ourselves,Â£24.04,In stock,Contemporary
The Four Agreements: A Practical Guide to Personal Freedom,Â£17.66,In stock,Spirituality
The Activist's Tao Te Ching: Ancient Advice for a Modern Revolution,Â£32.24,In stock,Spirituality
Chasing Heaven: What Dying Taught Me About Living,Â£37.80,In stock,Spirituality
If I Gave You God's Phone Number....: Searching for Spirituality in America,Â£20.91,In stock,Spirituality
Unreasonable Hope: Finding Faith in the God Who Brings Purpose to Your Pain,Â£46.33,In stock,Spirituality
A New Earth: Awakening to Your Life's Purpose,Â£55.65,In stock,Spirituality
Logan Kade (Fallen Crest High #5.5),Â£13.12,In stock,Academic
Online Marketing for Busy Authors: A Step-By-Step Guide,Â£46.35,In stock,Self Help
How to Be Miserable: 40 Strategies You Already Use,Â£46.03,In stock,Self Help
"Overload: How to Unplug, Unwind, and Unleash Yourself from the Pressure of Stress",Â£52.15,In stock,Self Help
You Are a Badass: How to Stop Doubting Your Greatness and Start Living an Awesome Life,Â£12.08,In stock,Self Help
How to Stop Worrying and Start Living,Â£46.49,In stock,Self Help
All the Light We Cannot See,Â£29.87,In stock,Historical
The Girl You Left Behind (The Girl You Left Behind #1),Â£15.79,In stock,Historical
(Un)Qualified: How God Uses Broken People to Do Big Things,Â£54.00,In stock,Christian
Crazy Love: Overwhelmed by a Relentless God,Â£47.72,In stock,Christian
Blue Like Jazz: Nonreligious Thoughts on Christian Spirituality,Â£25.77,In stock,Christian
Silence in the Dark (Logan Point #4),Â£58.33,In stock,Suspense
The Grownup,Â£35.88,In stock,Short Stories
Suzie Snowflake: One beautiful flake (a self-esteem story),Â£54.81,In stock,Novels
"The Bulletproof Diet: Lose up to a Pound a Day, Reclaim Energy and Focus, Upgrade Your Life",Â£49.05,In stock,Health
"Eat Fat, Get Thin",Â£54.07,In stock,Health
10-Day Green Smoothie Cleanse: Lose Up to 15 Pounds in 10 Days!,Â£49.71,In stock,Health
The Art and Science of Low Carbohydrate Living,Â£52.98,In stock,Health
Libertarianism for Beginners,Â£51.33,In stock,Politics
Why the Right Went Wrong: Conservatism--From Goldwater to the Tea Party and Beyond,Â£52.65,In stock,Politics
Equal Is Unfair: America's Misguided Fight Against Income Inequality,Â£56.86,In stock,Politics
Amid the Chaos,Â£36.58,In stock,Cultural
Dark Notes,Â£19.19,In stock,Erotica
The Long Shadow of Small Ghosts: Murder and Memory in an American City,Â£10.97,In stock,Crime
